team_id,team,mascot,display_name,short_name,conference_name,group_id,color,alternate_color,logo,logo_dark
2000,Abilene Christian,Wildcats,Abilene Christian Wildcats,Abilene Chrstn,Western Athletic Conference,30,592d82,b1b3b3,https://a.espncdn.com/i/teamlogos/ncaa/500/2000.png,https://a.espncdn.com/i/teamlogos/ncaa/500-dark/2000.png
2005,Air Force,Falcons,Air Force Falcons,Air Force,Mountain West Conference,44,003594,ffffff,https://a.espncdn.com/i/teamlogos/ncaa/500/2005.png,https://a.espncdn.com/i/teamlogos/ncaa/500-dark/2005.png
2006,Akron,Zips,Akron Zips,Akron,Mid-American Conference,14,00285e,84754e,https://a.espncdn.com/i/teamlogos/ncaa/500/2006.png,https://a.espncdn.com/i/teamlogos/ncaa/500-dark/2006.png
2010,Alabama A&M,Bulldogs,Alabama A&M Bulldogs,Alabama A&M,Southwestern Athletic Conference,26,790000,ffffff,https://a.espncdn.com/i/teamlogos/ncaa/500/2010.png,https://a.espncdn.com/i/teamlogos/ncaa/500-dark/2010.png
333,Alabama,Crimson Tide,Alabama Crimson Tide,Alabama,Southeastern Conference,23,9e1632,ffffff,https://a.espncdn.com/i/teamlogos/ncaa/500/333.png,https://a.espncdn.com/i/teamlogos/ncaa/500-dark/333.png
2011,Alabama State,Hornets,Alabama State Hornets,Alabama St,Southwestern Athletic Conference,26,e9a900,0a0a0a,https://a.espncdn.com/i/teamlogos/ncaa/500/2011.png,https://a.espncdn.com/i/teamlogos/ncaa/500-dark/2011.png
2016,Alcorn State,Braves,Alcorn State Braves,Alcorn St,Southwestern Athletic Conference,26,4b0058,46166a,https://a.espncdn.com/i/teamlogos/ncaa/500/2016.png,https://a.espncdn.com/i/teamlogos/ncaa/500-dark/2016.png
44,American University,Eagles,American University Eagles,American,Patriot League,22,c41130,c8102e,https://a.espncdn.com/i/teamlogos/ncaa/500/44.png,https://a.espncdn.com/i/teamlogos/ncaa/500-dark/44.png
2026,App State,Mountaineers,App State Mountaineers,App State,Sun Belt Conference,27,000000,ffcd00,https://a.espncdn.com/i/teamlogos/ncaa/500/2026.png,https://a.espncdn.com/i/teamlogos/ncaa/500-dark/2026.png
9,Arizona State,Sun Devils,Arizona State Sun Devils,Arizona St,Big 12 Conference,8,8e0c3a,ffc72c,https://a.espncdn.com/i/teamlogos/ncaa/500/9.png,https://a.espncdn.com/i/teamlogos/ncaa/500-dark/9.png
12,Arizona,Wildcats,Arizona Wildcats,Arizona,Big 12 Conference,8,0c234b,ab0520,https://a.espncdn.com/i/teamlogos/ncaa/500/12.png,https://a.espncdn.com/i/teamlogos/ncaa/500-dark/12.png
8,Arkansas,Razorbacks,Arkansas Razorbacks,Arkansas,Southeastern Conference,23,a41f35,ffffff,https://a.espncdn.com/i/teamlogos/ncaa/500/8.png,https://a.espncdn.com/i/teamlogos/ncaa/500-dark/8.png
2032,Arkansas State,Red Wolves,Arkansas State Red Wolves,Arkansas St,Sun Belt Conference,27,e81018,000000,https://a.espncdn.com/i/teamlogos/ncaa/500/2032.png,https://a.espncdn.com/i/teamlogos/ncaa/500-dark/2032.png
2029,Arkansas-Pine Bluff,Golden Lions,Arkansas-Pine Bluff Golden Lions,AR-Pine Bluff,Southwestern Athletic Conference,26,e0aa0f,eaaa00,https://a.espncdn.com/i/teamlogos/ncaa/500/2029.png,https://a.espncdn.com/i/teamlogos/ncaa/500-dark/2029.png
349,Army,Black Knights,Army Black Knights,Army,Patriot League,22,ce9c00,231f20,https://a.espncdn.com/i/teamlogos/ncaa/500/349.png,https://a.espncdn.com/i/teamlogos/ncaa/500-dark/349.png
2,Auburn,Tigers,Auburn Tigers,Auburn,Southeastern Conference,23,002b5c,f26522,https://a.espncdn.com/i/teamlogos/ncaa/500/2.png,https://a.espncdn.com/i/teamlogos/ncaa/500-dark/2.png
2046,Austin Peay,Governors,Austin Peay Governors,Austin Peay,ASUN Conference,46,8e0b0b,,https://a.espncdn.com/i/teamlogos/ncaa/500/2046.png,https://a.espncdn.com/i/teamlogos/ncaa/500-dark/2046.png
252,BYU,Cougars,BYU Cougars,BYU,Big 12 Conference,8,003da5,ffffff,https://a.espncdn.com/i/teamlogos/ncaa/500/252.png,https://a.espncdn.com/i/teamlogos/ncaa/500-dark/252.png
2050,Ball State,Cardinals,Ball State Cardinals,Ball State,Mid-American Conference,14,DA0000,ffffff,https://a.espncdn.com/i/teamlogos/ncaa/500/2050.png,https://a.espncdn.com/i/teamlogos/ncaa/500-dark/2050.png
239,Baylor,Bears,Baylor Bears,Baylor,Big 12 Conference,8,154734,ffb81c,https://a.espncdn.com/i/teamlogos/ncaa/500/239.png,https://a.espncdn.com/i/teamlogos/ncaa/500-dark/239.png
91,Bellarmine,Knights,Bellarmine Knights,Bellarmine,ASUN Conference,46,000000,,https://a.espncdn.com/i/teamlogos/ncaa/500/91.png,https://a.espncdn.com/i/teamlogos/ncaa/500-dark/91.png
2057,Belmont,Bruins,Belmont Bruins,Belmont,Missouri Valley Conference,18,182142,c9262d,https://a.espncdn.com/i/teamlogos/ncaa/500/2057.png,https://a.espncdn.com/i/teamlogos/ncaa/500-dark/2057.png
2065,Bethune-Cookman,Wildcats,Bethune-Cookman Wildcats,Bethune,Southwestern Athletic Conference,26,7b1831,e9aa12,https://a.espncdn.com/i/teamlogos/ncaa/500/2065.png,https://a.espncdn.com/i/teamlogos/ncaa/500-dark/2065.png
2066,Binghamton,Bearcats,Binghamton Bearcats,Binghamton,America East Conference,1,00614A,f0f0f0,https://a.espncdn.com/i/teamlogos/ncaa/500/2066.png,https://a.espncdn.com/i/teamlogos/ncaa/500-dark/2066.png
68,Boise State,Broncos,Boise State Broncos,Boise St,Mountain West Conference,44,0033a0,fa4616,https://a.espncdn.com/i/teamlogos/ncaa/500/68.png,https://a.espncdn.com/i/teamlogos/ncaa/500-dark/68.png
103,Boston College,Eagles,Boston College Eagles,Boston College,Atlantic Coast Conference,2,8c2232,dbcca6,https://a.espncdn.com/i/teamlogos/ncaa/500/103.png,https://a.espncdn.com/i/teamlogos/ncaa/500-dark/103.png
104,Boston University,Terriers,Boston University Terriers,Boston U,Patriot League,22,cc0000,ffffff,https://a.espncdn.com/i/teamlogos/ncaa/500/104.png,https://a.espncdn.com/i/teamlogos/ncaa/500-dark/104.png
189,Bowling Green,Falcons,Bowling Green Falcons,Bowling Green,Mid-American Conference,14,2b1000,492000,https://a.espncdn.com/i/teamlogos/ncaa/500/189.png,https://a.espncdn.com/i/teamlogos/ncaa/500-dark/189.png
71,Bradley,Braves,Bradley Braves,Bradley,Missouri Valley Conference,18,b70002,c0c0c0,https://a.espncdn.com/i/teamlogos/ncaa/500/71.png,https://a.espncdn.com/i/teamlogos/ncaa/500-dark/71.png
225,Brown,Bears,Brown Bears,Brown,Ivy League,12,411e09,949300,https://a.espncdn.com/i/teamlogos/ncaa/500/225.png,https://a.espncdn.com/i/teamlogos/ncaa/500-dark/225.png
2803,Bryant,Bulldogs,Bryant Bulldogs,Bryant,America East Conference,1,000000,9f8343,https://a.espncdn.com/i/teamlogos/ncaa/500/2803.png,https://a.espncdn.com/i/teamlogos/ncaa/500-dark/2803.png
2083,Bucknell,Bison,Bucknell Bison,Bucknell,Patriot League,22,000060,00316e,https://a.espncdn.com/i/teamlogos/ncaa/500/2083.png,https://a.espncdn.com/i/teamlogos/ncaa/500-dark/2083.png
2084,Buffalo,Bulls,Buffalo Bulls,Buffalo,Mid-American Conference,14,041A9B,ebebeb,https://a.espncdn.com/i/teamlogos/ncaa/500/2084.png,https://a.espncdn.com/i/teamlogos/ncaa/500-dark/2084.png
2086,Butler,Bulldogs,Butler Bulldogs,Butler,Big East Conference,4,0d1361,00a3e0,https://a.espncdn.com/i/teamlogos/ncaa/500/2086.png,https://a.espncdn.com/i/teamlogos/ncaa/500-dark/2086.png
13,Cal Poly,Mustangs,Cal Poly Mustangs,Cal Poly,Big West Conference,9,1E4D2B,eed897,https://a.espncdn.com/i/teamlogos/ncaa/500/13.png,https://a.espncdn.com/i/teamlogos/ncaa/500-dark/13.png
2934,Cal State Bakersfield,Roadrunners,Cal State Bakersfield Roadrunners,Bakersfield,Big West Conference,9,003BAB,,https://a.espncdn.com/i/teamlogos/ncaa/500/2934.png,https://a.espncdn.com/i/teamlogos/ncaa/500-dark/2934.png
2239,Cal State Fullerton,Titans,Cal State Fullerton Titans,Fullerton,Big West Conference,9,003767,ff8300,https://a.espncdn.com/i/teamlogos/ncaa/500/2239.png,https://a.espncdn.com/i/teamlogos/ncaa/500-dark/2239.png
2463,Cal State Northridge,Matadors,Cal State Northridge Matadors,CSU Northridge,Big West Conference,9,b50000,,https://a.espncdn.com/i/teamlogos/ncaa/500/2463.png,https://a.espncdn.com/i/teamlogos/ncaa/500-dark/2463.png
2856,California Baptist,Lancers,California Baptist Lancers,CA Baptist,Western Athletic Conference,30,000080,,https://a.espncdn.com/i/teamlogos/ncaa/500/2856.png,https://a.espncdn.com/i/teamlogos/ncaa/500-dark/2856.png
25,California,Golden Bears,California Golden Bears,California,Atlantic Coast Conference,2,031522,ffc423,https://a.espncdn.com/i/teamlogos/ncaa/500/25.png,https://a.espncdn.com/i/teamlogos/ncaa/500-dark/25.png
2097,Campbell,Fighting Camels,Campbell Fighting Camels,Campbell,Coastal Athletic Association,10,000000,,https://a.espncdn.com/i/teamlogos/ncaa/500/2097.png,https://a.espncdn.com/i/teamlogos/ncaa/500-dark/2097.png
2099,Canisius,Golden Griffins,Canisius Golden Griffins,Canisius,Metro Atlantic Athletic Conference,13,004a81,dda50f,https://a.espncdn.com/i/teamlogos/ncaa/500/2099.png,https://a.espncdn.com/i/teamlogos/ncaa/500-dark/2099.png
2110,Central Arkansas,Bears,Central Arkansas Bears,C Arkansas,ASUN Conference,46,a7a9ac,8e959a,https://a.espncdn.com/i/teamlogos/ncaa/500/2110.png,https://a.espncdn.com/i/teamlogos/ncaa/500-dark/2110.png
2115,Central Connecticut,Blue Devils,Central Connecticut Blue Devils,C Connecticut,Northeast Conference,19,1B49A2,d1d5d8,https://a.espncdn.com/i/teamlogos/ncaa/500/2115.png,https://a.espncdn.com/i/teamlogos/ncaa/500-dark/2115.png
2117,Central Michigan,Chippewas,Central Michigan Chippewas,C Michigan,Mid-American Conference,14,6a0032,ffc82e,https://a.espncdn.com/i/teamlogos/ncaa/500/2117.png,https://a.espncdn.com/i/teamlogos/ncaa/500-dark/2117.png
232,Charleston,Cougars,Charleston Cougars,Charleston,Coastal Athletic Association,10,7a2531,9e8959,https://a.espncdn.com/i/teamlogos/ncaa/500/232.png,https://a.espncdn.com/i/teamlogos/ncaa/500-dark/232.png
2127,Charleston Southern,Buccaneers,Charleston Southern Buccaneers,Charleston So,Big South Conference,6,2e3192,ded090,https://a.espncdn.com/i/teamlogos/ncaa/500/2127.png,https://a.espncdn.com/i/teamlogos/ncaa/500-dark/2127.png
2429,Charlotte,49ers,Charlotte 49ers,Charlotte,American Conference,62,ffffff,cfab7a,https://a.espncdn.com/i/teamlogos/ncaa/500/2429.png,https://a.espncdn.com/i/teamlogos/ncaa/500-dark/2429.png
236,Chattanooga,Mocs,Chattanooga Mocs,Chattanooga,Southern Conference,24,00386b,dca71d,https://a.espncdn.com/i/teamlogos/ncaa/500/236.png,https://a.espncdn.com/i/teamlogos/ncaa/500-dark/236.png
2130,Chicago State,Cougars,Chicago State Cougars,Chicago St,Northeast Conference,19,006700,,https://a.espncdn.com/i/teamlogos/ncaa/500/2130.png,https://a.espncdn.com/i/teamlogos/ncaa/500-dark/2130.png
2132,Cincinnati,Bearcats,Cincinnati Bearcats,Cincinnati,Big 12 Conference,8,000000,717073,https://a.espncdn.com/i/teamlogos/ncaa/500/2132.png,https://a.espncdn.com/i/teamlogos/ncaa/500-dark/2132.png
228,Clemson,Tigers,Clemson Tigers,Clemson,Atlantic Coast Conference,2,f56600,522d80,https://a.espncdn.com/i/teamlogos/ncaa/500/228.png,https://a.espncdn.com/i/teamlogos/ncaa/500-dark/228.png
325,Cleveland State,Vikings,Cleveland State Vikings,Cleveland St,Horizon League,45,006633,231f20,https://a.espncdn.com/i/teamlogos/ncaa/500/325.png,https://a.espncdn.com/i/teamlogos/ncaa/500-dark/325.png
324,Coastal Carolina,Chanticleers,Coastal Carolina Chanticleers,Coastal,Sun Belt Conference,27,007073,876447,https://a.espncdn.com/i/teamlogos/ncaa/500/324.png,https://a.espncdn.com/i/teamlogos/ncaa/500-dark/324.png
2142,Colgate,Raiders,Colgate Raiders,Colgate,Patriot League,22,821019,ffffff,https://a.espncdn.com/i/teamlogos/ncaa/500/2142.png,https://a.espncdn.com/i/teamlogos/ncaa/500-dark/2142.png
38,Colorado,Buffaloes,Colorado Buffaloes,Colorado,Big 12 Conference,8,000000,cfb87c,https://a.espncdn.com/i/teamlogos/ncaa/500/38.png,https://a.espncdn.com/i/teamlogos/ncaa/500-dark/38.png
36,Colorado State,Rams,Colorado State Rams,Colorado St,Mountain West Conference,44,1e4d2b,c8c372,https://a.espncdn.com/i/teamlogos/ncaa/500/36.png,https://a.espncdn.com/i/teamlogos/ncaa/500-dark/36.png
171,Columbia,Lions,Columbia Lions,Columbia,Ivy League,12,7ba4db,183863,https://a.espncdn.com/i/teamlogos/ncaa/500/171.png,https://a.espncdn.com/i/teamlogos/ncaa/500-dark/171.png
2154,Coppin State,Eagles,Coppin State Eagles,Coppin St,Mid-Eastern Athletic Conference,16,2e3192,ffd204,https://a.espncdn.com/i/teamlogos/ncaa/500/2154.png,https://a.espncdn.com/i/teamlogos/ncaa/500-dark/2154.png
172,Cornell,Big Red,Cornell Big Red,Cornell,Ivy League,12,d60027,101010,https://a.espncdn.com/i/teamlogos/ncaa/500/172.png,https://a.espncdn.com/i/teamlogos/ncaa/500-dark/172.png
156,Creighton,Bluejays,Creighton Bluejays,Creighton,Big East Conference,4,005ca9,6cadde,https://a.espncdn.com/i/teamlogos/ncaa/500/156.png,https://a.espncdn.com/i/teamlogos/ncaa/500-dark/156.png
159,Dartmouth,Big Green,Dartmouth Big Green,Dartmouth,Ivy League,12,005730,000000,https://a.espncdn.com/i/teamlogos/ncaa/500/159.png,https://a.espncdn.com/i/teamlogos/ncaa/500-dark/159.png
2166,Davidson,Wildcats,Davidson Wildcats,Davidson,Atlantic 10 Conference,3,000000,e51837,https://a.espncdn.com/i/teamlogos/ncaa/500/2166.png,https://a.espncdn.com/i/teamlogos/ncaa/500-dark/2166.png
2168,Dayton,Flyers,Dayton Flyers,Dayton,Atlantic 10 Conference,3,004B8D,ffffff,https://a.espncdn.com/i/teamlogos/ncaa/500/2168.png,https://a.espncdn.com/i/teamlogos/ncaa/500-dark/2168.png
305,DePaul,Blue Demons,DePaul Blue Demons,DePaul,Big East Conference,4,2d649c,ce1125,https://a.espncdn.com/i/teamlogos/ncaa/500/305.png,https://a.espncdn.com/i/teamlogos/ncaa/500-dark/305.png
48,Delaware,Blue Hens,Delaware Blue Hens,Delaware,Conference USA,11,033594,e8ce31,https://a.espncdn.com/i/teamlogos/ncaa/500/48.png,https://a.espncdn.com/i/teamlogos/ncaa/500-dark/48.png
2169,Delaware State,Hornets,Delaware State Hornets,Delaware St,Mid-Eastern Athletic Conference,16,009cdb,d51c28,https://a.espncdn.com/i/teamlogos/ncaa/500/2169.png,https://a.espncdn.com/i/teamlogos/ncaa/500-dark/2169.png
2172,Denver,Pioneers,Denver Pioneers,Denver,Summit League,49,98002e,a8996e,https://a.espncdn.com/i/teamlogos/ncaa/500/2172.png,https://a.espncdn.com/i/teamlogos/ncaa/500-dark/2172.png
2174,Detroit Mercy,Titans,Detroit Mercy Titans,Detroit Mercy,Horizon League,45,165b9e,d31733,https://a.espncdn.com/i/teamlogos/ncaa/500/2174.png,https://a.espncdn.com/i/teamlogos/ncaa/500-dark/2174.png
2181,Drake,Bulldogs,Drake Bulldogs,Drake,Missouri Valley Conference,18,005596,bec0c2,https://a.espncdn.com/i/teamlogos/ncaa/500/2181.png,https://a.espncdn.com/i/teamlogos/ncaa/500-dark/2181.png
2182,Drexel,Dragons,Drexel Dragons,Drexel,Coastal Athletic Association,10,020260,ffd65a,https://a.espncdn.com/i/teamlogos/ncaa/500/2182.png,https://a.espncdn.com/i/teamlogos/ncaa/500-dark/2182.png
150,Duke,Blue Devils,Duke Blue Devils,Duke,Atlantic Coast Conference,2,013088,ffffff,https://a.espncdn.com/i/teamlogos/ncaa/500/150.png,https://a.espncdn.com/i/teamlogos/ncaa/500-dark/150.png
2184,Duquesne,Dukes,Duquesne Dukes,Duquesne,Atlantic 10 Conference,3,002D62,b90b2e,https://a.espncdn.com/i/teamlogos/ncaa/500/2184.png,https://a.espncdn.com/i/teamlogos/ncaa/500-dark/2184.png
151,East Carolina,Pirates,East Carolina Pirates,East Carolina,American Conference,62,4b1869,f0907b,https://a.espncdn.com/i/teamlogos/ncaa/500/151.png,https://a.espncdn.com/i/teamlogos/ncaa/500-dark/151.png
2193,East Tennessee State,Buccaneers,East Tennessee State Buccaneers,ETSU,Southern Conference,24,002d61,ffc423,https://a.espncdn.com/i/teamlogos/ncaa/500/2193.png,https://a.espncdn.com/i/teamlogos/ncaa/500-dark/2193.png
2837,East Texas A&M,Lions,East Texas A&M Lions,E Texas A&M,Southland Conference,25,000000,,https://a.espncdn.com/i/teamlogos/ncaa/500/2837.png,https://a.espncdn.com/i/teamlogos/ncaa/500-dark/2837.png
2197,Eastern Illinois,Panthers,Eastern Illinois Panthers,E Illinois,Ohio Valley Conference,20,000000,bebab9,https://a.espncdn.com/i/teamlogos/ncaa/500/2197.png,https://a.espncdn.com/i/teamlogos/ncaa/500-dark/2197.png
2198,Eastern Kentucky,Colonels,Eastern Kentucky Colonels,E Kentucky,ASUN Conference,46,660819,f0f0f0,https://a.espncdn.com/i/teamlogos/ncaa/500/2198.png,https://a.espncdn.com/i/teamlogos/ncaa/500-dark/2198.png
2199,Eastern Michigan,Eagles,Eastern Michigan Eagles,E Michigan,Mid-American Conference,14,00331b,f0f0f0,https://a.espncdn.com/i/teamlogos/ncaa/500/2199.png,https://a.espncdn.com/i/teamlogos/ncaa/500-dark/2199.png
331,Eastern Washington,Eagles,Eastern Washington Eagles,E Washington,Big Sky Conference,5,a10022,abb4bc,https://a.espncdn.com/i/teamlogos/ncaa/500/331.png,https://a.espncdn.com/i/teamlogos/ncaa/500-dark/331.png
2210,Elon,Phoenix,Elon Phoenix,Elon,Coastal Athletic Association,10,020303,b59a57,https://a.espncdn.com/i/teamlogos/ncaa/500/2210.png,https://a.espncdn.com/i/teamlogos/ncaa/500-dark/2210.png
339,Evansville,Purple Aces,Evansville Purple Aces,Evansville,Missouri Valley Conference,18,663399,ef6f00,https://a.espncdn.com/i/teamlogos/ncaa/500/339.png,https://a.espncdn.com/i/teamlogos/ncaa/500-dark/339.png
2217,Fairfield,Stags,Fairfield Stags,Fairfield,Metro Atlantic Athletic Conference,13,000000,ebebeb,https://a.espncdn.com/i/teamlogos/ncaa/500/2217.png,https://a.espncdn.com/i/teamlogos/ncaa/500-dark/2217.png
161,Fairleigh Dickinson,Knights,Fairleigh Dickinson Knights,FDU,Northeast Conference,19,72293c,28334a,https://a.espncdn.com/i/teamlogos/ncaa/500/161.png,https://a.espncdn.com/i/teamlogos/ncaa/500-dark/161.png
50,Florida A&M,Rattlers,Florida A&M Rattlers,Florida A&M,Southwestern Athletic Conference,26,F89728,00843d,https://a.espncdn.com/i/teamlogos/ncaa/500/50.png,https://a.espncdn.com/i/teamlogos/ncaa/500-dark/50.png
2226,Florida Atlantic,Owls,Florida Atlantic Owls,FAU,American Conference,62,00447c,d31245,https://a.espncdn.com/i/teamlogos/ncaa/500/2226.png,https://a.espncdn.com/i/teamlogos/ncaa/500-dark/2226.png
57,Florida,Gators,Florida Gators,Florida,Southeastern Conference,23,0021a5,fa4616,https://a.espncdn.com/i/teamlogos/ncaa/500/57.png,https://a.espncdn.com/i/teamlogos/ncaa/500-dark/57.png
526,Florida Gulf Coast,Eagles,Florida Gulf Coast Eagles,FGCU,ASUN Conference,46,00885a,076c3b,https://a.espncdn.com/i/teamlogos/ncaa/500/526.png,https://a.espncdn.com/i/teamlogos/ncaa/500-dark/526.png
2229,Florida International,Panthers,Florida International Panthers,FIU,Conference USA,11,091731,c5960c,https://a.espncdn.com/i/teamlogos/ncaa/500/2229.png,https://a.espncdn.com/i/teamlogos/ncaa/500-dark/2229.png
52,Florida State,Seminoles,Florida State Seminoles,Florida St,Atlantic Coast Conference,2,782f40,ceb888,https://a.espncdn.com/i/teamlogos/ncaa/500/52.png,https://a.espncdn.com/i/teamlogos/ncaa/500-dark/52.png
2230,Fordham,Rams,Fordham Rams,Fordham,Atlantic 10 Conference,3,830032,909090,https://a.espncdn.com/i/teamlogos/ncaa/500/2230.png,https://a.espncdn.com/i/teamlogos/ncaa/500-dark/2230.png
278,Fresno State,Bulldogs,Fresno State Bulldogs,Fresno St,Mountain West Conference,44,c41230,13284c,https://a.espncdn.com/i/teamlogos/ncaa/500/278.png,https://a.espncdn.com/i/teamlogos/ncaa/500-dark/278.png
231,Furman,Paladins,Furman Paladins,Furman,Southern Conference,24,582c83,ffffff,https://a.espncdn.com/i/teamlogos/ncaa/500/231.png,https://a.espncdn.com/i/teamlogos/ncaa/500-dark/231.png
2241,Gardner-Webb,Runnin' Bulldogs,Gardner-Webb Runnin' Bulldogs,Gardner-Webb,Big South Conference,6,c12535,909090,https://a.espncdn.com/i/teamlogos/ncaa/500/2241.png,https://a.espncdn.com/i/teamlogos/ncaa/500-dark/2241.png
2244,George Mason,Patriots,George Mason Patriots,George Mason,Atlantic 10 Conference,3,016600,ecb010,https://a.espncdn.com/i/teamlogos/ncaa/500/2244.png,https://a.espncdn.com/i/teamlogos/ncaa/500-dark/2244.png
45,George Washington,Revolutionaries,George Washington Revolutionaries,G Washington,Atlantic 10 Conference,3,002843,e8d2a1,https://a.espncdn.com/i/teamlogos/ncaa/500/45.png,https://a.espncdn.com/i/teamlogos/ncaa/500-dark/45.png
46,Georgetown,Hoyas,Georgetown Hoyas,Georgetown,Big East Conference,4,110E42,001c58,https://a.espncdn.com/i/teamlogos/ncaa/500/46.png,https://a.espncdn.com/i/teamlogos/ncaa/500-dark/46.png
61,Georgia,Bulldogs,Georgia Bulldogs,Georgia,Southeastern Conference,23,ba0c2f,ffffff,https://a.espncdn.com/i/teamlogos/ncaa/500/61.png,https://a.espncdn.com/i/teamlogos/ncaa/500-dark/61.png
290,Georgia Southern,Eagles,Georgia Southern Eagles,GA Southern,Sun Belt Conference,27,003775,f0f0f0,https://a.espncdn.com/i/teamlogos/ncaa/500/290.png,https://a.espncdn.com/i/teamlogos/ncaa/500-dark/290.png
2247,Georgia State,Panthers,Georgia State Panthers,Georgia St,Sun Belt Conference,27,1e539a,ebebeb,https://a.espncdn.com/i/teamlogos/ncaa/500/2247.png,https://a.espncdn.com/i/teamlogos/ncaa/500-dark/2247.png
59,Georgia Tech,Yellow Jackets,Georgia Tech Yellow Jackets,Georgia Tech,Atlantic Coast Conference,2,003057,b3a369,https://a.espncdn.com/i/teamlogos/ncaa/500/59.png,https://a.espncdn.com/i/teamlogos/ncaa/500-dark/59.png
2250,Gonzaga,Bulldogs,Gonzaga Bulldogs,Gonzaga,West Coast Conference,29,041e42,c8102e,https://a.espncdn.com/i/teamlogos/ncaa/500/2250.png,https://a.espncdn.com/i/teamlogos/ncaa/500-dark/2250.png
2755,Grambling,Tigers,Grambling Tigers,Grambling,Southwestern Athletic Conference,26,ee8601,ffd10a,https://a.espncdn.com/i/teamlogos/ncaa/500/2755.png,https://a.espncdn.com/i/teamlogos/ncaa/500-dark/2755.png
2253,Grand Canyon,Lopes,Grand Canyon Lopes,Grand Canyon,Mountain West Conference,44,522398,ffffff,https://a.espncdn.com/i/teamlogos/ncaa/500/2253.png,https://a.espncdn.com/i/teamlogos/ncaa/500-dark/2253.png
2739,Green Bay,Phoenix,Green Bay Phoenix,Green Bay,Horizon League,45,006633,ffffff,https://a.espncdn.com/i/teamlogos/ncaa/500/2739.png,https://a.espncdn.com/i/teamlogos/ncaa/500-dark/2739.png
2261,Hampton,Pirates,Hampton Pirates,Hampton,Coastal Athletic Association,10,0067AC,,https://a.espncdn.com/i/teamlogos/ncaa/500/2261.png,https://a.espncdn.com/i/teamlogos/ncaa/500-dark/2261.png
108,Harvard,Crimson,Harvard Crimson,Harvard,Ivy League,12,990000,dbdbdb,https://a.espncdn.com/i/teamlogos/ncaa/500/108.png,https://a.espncdn.com/i/teamlogos/ncaa/500-dark/108.png
62,Hawai'i,Rainbow Warriors,Hawai'i Rainbow Warriors,Hawai’i,Big West Conference,9,003420,ffffff,https://a.espncdn.com/i/teamlogos/ncaa/500/62.png,https://a.espncdn.com/i/teamlogos/ncaa/500-dark/62.png
2272,High Point,Panthers,High Point Panthers,High Point,Big South Conference,6,b0b7bc,ebebeb,https://a.espncdn.com/i/teamlogos/ncaa/500/2272.png,https://a.espncdn.com/i/teamlogos/ncaa/500-dark/2272.png
2275,Hofstra,Pride,Hofstra Pride,Hofstra,Coastal Athletic Association,10,003594,ffc72c,https://a.espncdn.com/i/teamlogos/ncaa/500/2275.png,https://a.espncdn.com/i/teamlogos/ncaa/500-dark/2275.png
107,Holy Cross,Crusaders,Holy Cross Crusaders,Holy Cross,Patriot League,22,0a0a0a,080808,https://a.espncdn.com/i/teamlogos/ncaa/500/107.png,https://a.espncdn.com/i/teamlogos/ncaa/500-dark/107.png
2277,Houston Christian,Huskies,Houston Christian Huskies,Hou Christian,Southland Conference,25,00539c,,https://a.espncdn.com/i/teamlogos/ncaa/500/2277.png,https://a.espncdn.com/i/teamlogos/ncaa/500-dark/2277.png
248,Houston,Cougars,Houston Cougars,Houston,Big 12 Conference,8,c92a39,ffffff,https://a.espncdn.com/i/teamlogos/ncaa/500/248.png,https://a.espncdn.com/i/teamlogos/ncaa/500-dark/248.png
47,Howard,Bison,Howard Bison,Howard,Mid-Eastern Athletic Conference,16,003a63,e51937,https://a.espncdn.com/i/teamlogos/ncaa/500/47.png,https://a.espncdn.com/i/teamlogos/ncaa/500-dark/47.png
85,IU Indianapolis,Jaguars,IU Indianapolis Jaguars,IU Indy,Horizon League,45,A81F30,d59f0f,https://a.espncdn.com/i/teamlogos/ncaa/500/85.png,https://a.espncdn.com/i/teamlogos/ncaa/500-dark/85.png
304,Idaho State,Bengals,Idaho State Bengals,Idaho St,Big Sky Conference,5,ef8c00,e9a126,https://a.espncdn.com/i/teamlogos/ncaa/500/304.png,https://a.espncdn.com/i/teamlogos/ncaa/500-dark/304.png
70,Idaho,Vandals,Idaho Vandals,Idaho,Big Sky Conference,5,000000,8c6e4a,https://a.espncdn.com/i/teamlogos/ncaa/500/70.png,https://a.espncdn.com/i/teamlogos/ncaa/500-dark/70.png
356,Illinois,Fighting Illini,Illinois Fighting Illini,Illinois,Big Ten Conference,7,ff5f05,13294b,https://a.espncdn.com/i/teamlogos/ncaa/500/356.png,https://a.espncdn.com/i/teamlogos/ncaa/500-dark/356.png
2287,Illinois State,Redbirds,Illinois State Redbirds,Illinois St,Missouri Valley Conference,18,CE1126,ffe716,https://a.espncdn.com/i/teamlogos/ncaa/500/2287.png,https://a.espncdn.com/i/teamlogos/ncaa/500-dark/2287.png
2916,Incarnate Word,Cardinals,Incarnate Word Cardinals,Incarnate Word,Southland Conference,25,000000,080808,https://a.espncdn.com/i/teamlogos/ncaa/500/2916.png,https://a.espncdn.com/i/teamlogos/ncaa/500-dark/2916.png
84,Indiana,Hoosiers,Indiana Hoosiers,Indiana,Big Ten Conference,7,990000,edebeb,https://a.espncdn.com/i/teamlogos/ncaa/500/84.png,https://a.espncdn.com/i/teamlogos/ncaa/500-dark/84.png
282,Indiana State,Sycamores,Indiana State Sycamores,Indiana St,Missouri Valley Conference,18,00669a,f0f0f0,https://a.espncdn.com/i/teamlogos/ncaa/500/282.png,https://a.espncdn.com/i/teamlogos/ncaa/500-dark/282.png
314,Iona,Gaels,Iona Gaels,Iona,Metro Atlantic Athletic Conference,13,6f2c3e,f0ab00,https://a.espncdn.com/i/teamlogos/ncaa/500/314.png,https://a.espncdn.com/i/teamlogos/ncaa/500-dark/314.png
2294,Iowa,Hawkeyes,Iowa Hawkeyes,Iowa,Big Ten Conference,7,000000,fcd116,https://a.espncdn.com/i/teamlogos/ncaa/500/2294.png,https://a.espncdn.com/i/teamlogos/ncaa/500-dark/2294.png
66,Iowa State,Cyclones,Iowa State Cyclones,Iowa State,Big 12 Conference,8,822433,fdca2f,https://a.espncdn.com/i/teamlogos/ncaa/500/66.png,https://a.espncdn.com/i/teamlogos/ncaa/500-dark/66.png
2296,Jackson State,Tigers,Jackson State Tigers,Jackson St,Southwestern Athletic Conference,26,123297,b5b7ba,https://a.espncdn.com/i/teamlogos/ncaa/500/2296.png,https://a.espncdn.com/i/teamlogos/ncaa/500-dark/2296.png
294,Jacksonville,Dolphins,Jacksonville Dolphins,Jacksonville,ASUN Conference,46,00523e,,https://a.espncdn.com/i/teamlogos/ncaa/500/294.png,https://a.espncdn.com/i/teamlogos/ncaa/500-dark/294.png
55,Jacksonville State,Gamecocks,Jacksonville State Gamecocks,Jax State,Conference USA,11,b50500,b5b7ba,https://a.espncdn.com/i/teamlogos/ncaa/500/55.png,https://a.espncdn.com/i/teamlogos/ncaa/500-dark/55.png
256,James Madison,Dukes,James Madison Dukes,James Madison,Sun Belt Conference,27,450084,b5a068,https://a.espncdn.com/i/teamlogos/ncaa/500/256.png,https://a.espncdn.com/i/teamlogos/ncaa/500-dark/256.png
140,Kansas City,Roos,Kansas City Roos,Kansas City,Summit League,49,004b87,ffc72c,https://a.espncdn.com/i/teamlogos/ncaa/500/140.png,https://a.espncdn.com/i/teamlogos/ncaa/500-dark/140.png
2305,Kansas,Jayhawks,Kansas Jayhawks,Kansas,Big 12 Conference,8,0051ba,e8000d,https://a.espncdn.com/i/teamlogos/ncaa/500/2305.png,https://a.espncdn.com/i/teamlogos/ncaa/500-dark/2305.png
2306,Kansas State,Wildcats,Kansas State Wildcats,Kansas St,Big 12 Conference,8,3c0969,e2e3e4,https://a.espncdn.com/i/teamlogos/ncaa/500/2306.png,https://a.espncdn.com/i/teamlogos/ncaa/500-dark/2306.png
338,Kennesaw State,Owls,Kennesaw State Owls,Kennesaw St,Conference USA,11,fdbb30,000000,https://a.espncdn.com/i/teamlogos/ncaa/500/338.png,https://a.espncdn.com/i/teamlogos/ncaa/500-dark/338.png
2309,Kent State,Golden Flashes,Kent State Golden Flashes,Kent State,Mid-American Conference,14,003976,efab00,https://a.espncdn.com/i/teamlogos/ncaa/500/2309.png,https://a.espncdn.com/i/teamlogos/ncaa/500-dark/2309.png
96,Kentucky,Wildcats,Kentucky Wildcats,Kentucky,Southeastern Conference,23,0033a0,ffffff,https://a.espncdn.com/i/teamlogos/ncaa/500/96.png,https://a.espncdn.com/i/teamlogos/ncaa/500-dark/96.png
99,LSU,Tigers,LSU Tigers,LSU,Southeastern Conference,23,461d7c,fdd023,https://a.espncdn.com/i/teamlogos/ncaa/500/99.png,https://a.espncdn.com/i/teamlogos/ncaa/500-dark/99.png
2325,La Salle,Explorers,La Salle Explorers,La Salle,Atlantic 10 Conference,3,003356,ffce00,https://a.espncdn.com/i/teamlogos/ncaa/500/2325.png,https://a.espncdn.com/i/teamlogos/ncaa/500-dark/2325.png
322,Lafayette,Leopards,Lafayette Leopards,Lafayette,Patriot League,22,790000,a59474,https://a.espncdn.com/i/teamlogos/ncaa/500/322.png,https://a.espncdn.com/i/teamlogos/ncaa/500-dark/322.png
2320,Lamar,Cardinals,Lamar Cardinals,Lamar,Southland Conference,25,000000,ebebeb,https://a.espncdn.com/i/teamlogos/ncaa/500/2320.png,https://a.espncdn.com/i/teamlogos/ncaa/500-dark/2320.png
2330,Le Moyne,Dolphins,Le Moyne Dolphins,Le Moyne,Northeast Conference,19,,,https://a.espncdn.com/i/teamlogos/ncaa/500/2330.png,https://a.espncdn.com/i/teamlogos/ncaa/500-dark/2330.png
2329,Lehigh,Mountain Hawks,Lehigh Mountain Hawks,Lehigh,Patriot League,22,6c2b2a,b69e70,https://a.espncdn.com/i/teamlogos/ncaa/500/2329.png,https://a.espncdn.com/i/teamlogos/ncaa/500-dark/2329.png
2335,Liberty,Flames,Liberty Flames,Liberty,Conference USA,11,071740,a61f21,https://a.espncdn.com/i/teamlogos/ncaa/500/2335.png,https://a.espncdn.com/i/teamlogos/ncaa/500-dark/2335.png
288,Lipscomb,Bisons,Lipscomb Bisons,Lipscomb,ASUN Conference,46,20366C,f6b734,https://a.espncdn.com/i/teamlogos/ncaa/500/288.png,https://a.espncdn.com/i/teamlogos/ncaa/500-dark/288.png
2031,Little Rock,Trojans,Little Rock Trojans,Little Rock,Ohio Valley Conference,20,AD0000,898d8f,https://a.espncdn.com/i/teamlogos/ncaa/500/2031.png,https://a.espncdn.com/i/teamlogos/ncaa/500-dark/2031.png
299,Long Beach State,Beach,Long Beach State Beach,Long Beach St,Big West Conference,9,000000,f1f2f3,https://a.espncdn.com/i/teamlogos/ncaa/500/299.png,https://a.espncdn.com/i/teamlogos/ncaa/500-dark/299.png
112358,Long Island University,Sharks,Long Island University Sharks,Long Island,Northeast Conference,19,50c9f7,ffbf00,https://a.espncdn.com/i/teamlogos/ncaa/500/112358.png,https://a.espncdn.com/i/teamlogos/ncaa/500-dark/112358.png
2344,Longwood,Lancers,Longwood Lancers,Longwood,Big South Conference,6,003273,9ea2a3,https://a.espncdn.com/i/teamlogos/ncaa/500/2344.png,https://a.espncdn.com/i/teamlogos/ncaa/500-dark/2344.png
309,Louisiana,Ragin' Cajuns,Louisiana Ragin' Cajuns,Louisiana,Sun Belt Conference,27,ce181e,ffffff,https://a.espncdn.com/i/teamlogos/ncaa/500/309.png,https://a.espncdn.com/i/teamlogos/ncaa/500-dark/309.png
2348,Louisiana Tech,Bulldogs,Louisiana Tech Bulldogs,Louisiana Tech,Conference USA,11,002d65,d3313a,https://a.espncdn.com/i/teamlogos/ncaa/500/2348.png,https://a.espncdn.com/i/teamlogos/ncaa/500-dark/2348.png
97,Louisville,Cardinals,Louisville Cardinals,Louisville,Atlantic Coast Conference,2,c9001f,000000,https://a.espncdn.com/i/teamlogos/ncaa/500/97.png,https://a.espncdn.com/i/teamlogos/ncaa/500-dark/97.png
2350,Loyola Chicago,Ramblers,Loyola Chicago Ramblers,Loyola Chicago,Atlantic 10 Conference,3,9d1244,,https://a.espncdn.com/i/teamlogos/ncaa/500/2350.png,https://a.espncdn.com/i/teamlogos/ncaa/500-dark/2350.png
2352,Loyola Maryland,Greyhounds,Loyola Maryland Greyhounds,Loyola MD,Patriot League,22,76a7a0,c9cbca,https://a.espncdn.com/i/teamlogos/ncaa/500/2352.png,https://a.espncdn.com/i/teamlogos/ncaa/500-dark/2352.png
2351,Loyola Marymount,Lions,Loyola Marymount Lions,LMU,West Coast Conference,29,880029,00345b,https://a.espncdn.com/i/teamlogos/ncaa/500/2351.png,https://a.espncdn.com/i/teamlogos/ncaa/500-dark/2351.png
311,Maine,Black Bears,Maine Black Bears,Maine,America East Conference,1,127dbe,,https://a.espncdn.com/i/teamlogos/ncaa/500/311.png,https://a.espncdn.com/i/teamlogos/ncaa/500-dark/311.png
2363,Manhattan,Jaspers,Manhattan Jaspers,Manhattan,Metro Atlantic Athletic Conference,13,4f8537,b5b7ba,https://a.espncdn.com/i/teamlogos/ncaa/500/2363.png,https://a.espncdn.com/i/teamlogos/ncaa/500-dark/2363.png
2368,Marist,Red Foxes,Marist Red Foxes,Marist,Metro Atlantic Athletic Conference,13,e53730,f0f0f0,https://a.espncdn.com/i/teamlogos/ncaa/500/2368.png,https://a.espncdn.com/i/teamlogos/ncaa/500-dark/2368.png
269,Marquette,Golden Eagles,Marquette Golden Eagles,Marquette,Big East Conference,4,003366,ffcc00,https://a.espncdn.com/i/teamlogos/ncaa/500/269.png,https://a.espncdn.com/i/teamlogos/ncaa/500-dark/269.png
276,Marshall,Thundering Herd,Marshall Thundering Herd,Marshall,Sun Belt Conference,27,00ae42,be854c,https://a.espncdn.com/i/teamlogos/ncaa/500/276.png,https://a.espncdn.com/i/teamlogos/ncaa/500-dark/276.png
2379,Maryland Eastern Shore,Hawks,Maryland Eastern Shore Hawks,MD Eastern,Mid-Eastern Athletic Conference,16,5c2301,b5b7ba,https://a.espncdn.com/i/teamlogos/ncaa/500/2379.png,https://a.espncdn.com/i/teamlogos/ncaa/500-dark/2379.png
120,Maryland,Terrapins,Maryland Terrapins,Maryland,Big Ten Conference,7,D5002B,ffcd00,https://a.espncdn.com/i/teamlogos/ncaa/500/120.png,https://a.espncdn.com/i/teamlogos/ncaa/500-dark/120.png
113,Massachusetts,Minutemen,Massachusetts Minutemen,UMass,Mid-American Conference,14,880007,,https://a.espncdn.com/i/teamlogos/ncaa/500/113.png,https://a.espncdn.com/i/teamlogos/ncaa/500-dark/113.png
2377,McNeese,Cowboys,McNeese Cowboys,McNeese,Southland Conference,25,00529C,ffd204,https://a.espncdn.com/i/teamlogos/ncaa/500/2377.png,https://a.espncdn.com/i/teamlogos/ncaa/500-dark/2377.png
235,Memphis,Tigers,Memphis Tigers,Memphis,American Conference,62,004991,8e908f,https://a.espncdn.com/i/teamlogos/ncaa/500/235.png,https://a.espncdn.com/i/teamlogos/ncaa/500-dark/235.png
2382,Mercer,Bears,Mercer Bears,Mercer,Southern Conference,24,ff7f29,080808,https://a.espncdn.com/i/teamlogos/ncaa/500/2382.png,https://a.espncdn.com/i/teamlogos/ncaa/500-dark/2382.png
2385,Mercyhurst,Lakers,Mercyhurst Lakers,Mercyhurst,Northeast Conference,19,000000,,https://a.espncdn.com/i/teamlogos/ncaa/500/2385.png,https://a.espncdn.com/i/teamlogos/ncaa/500-dark/2385.png
2771,Merrimack,Warriors,Merrimack Warriors,Merrimack,Metro Atlantic Athletic Conference,13,2f4f93,e8c535,https://a.espncdn.com/i/teamlogos/ncaa/500/2771.png,https://a.espncdn.com/i/teamlogos/ncaa/500-dark/2771.png
193,Miami (OH),RedHawks,Miami (OH) RedHawks,Miami OH,Mid-American Conference,14,a4000c,f0f0f0,https://a.espncdn.com/i/teamlogos/ncaa/500/193.png,https://a.espncdn.com/i/teamlogos/ncaa/500-dark/193.png
2390,Miami,Hurricanes,Miami Hurricanes,Miami,Atlantic Coast Conference,2,005030,f47321,https://a.espncdn.com/i/teamlogos/ncaa/500/2390.png,https://a.espncdn.com/i/teamlogos/ncaa/500-dark/2390.png
127,Michigan State,Spartans,Michigan State Spartans,Michigan St,Big Ten Conference,7,18453b,ffffff,https://a.espncdn.com/i/teamlogos/ncaa/500/127.png,https://a.espncdn.com/i/teamlogos/ncaa/500-dark/127.png
130,Michigan,Wolverines,Michigan Wolverines,Michigan,Big Ten Conference,7,00274c,ffcb05,https://a.espncdn.com/i/teamlogos/ncaa/500/130.png,https://a.espncdn.com/i/teamlogos/ncaa/500-dark/130.png
2393,Middle Tennessee,Blue Raiders,Middle Tennessee Blue Raiders,MTSU,Conference USA,11,006db6,ffffff,https://a.espncdn.com/i/teamlogos/ncaa/500/2393.png,https://a.espncdn.com/i/teamlogos/ncaa/500-dark/2393.png
270,Milwaukee,Panthers,Milwaukee Panthers,Milwaukee,Horizon League,45,000000,ffc20e,https://a.espncdn.com/i/teamlogos/ncaa/500/270.png,https://a.espncdn.com/i/teamlogos/ncaa/500-dark/270.png
135,Minnesota,Golden Gophers,Minnesota Golden Gophers,Minnesota,Big Ten Conference,7,5e0a2f,fab41c,https://a.espncdn.com/i/teamlogos/ncaa/500/135.png,https://a.espncdn.com/i/teamlogos/ncaa/500-dark/135.png
344,Mississippi State,Bulldogs,Mississippi State Bulldogs,Mississippi St,Southeastern Conference,23,5d1725,c1c6c8,https://a.espncdn.com/i/teamlogos/ncaa/500/344.png,https://a.espncdn.com/i/teamlogos/ncaa/500-dark/344.png
2400,Mississippi Valley State,Delta Devils,Mississippi Valley State Delta Devils,Miss Valley St,Southwestern Athletic Conference,26,005328,cf2d34,https://a.espncdn.com/i/teamlogos/ncaa/500/2400.png,https://a.espncdn.com/i/teamlogos/ncaa/500-dark/2400.png
2623,Missouri State,Bears,Missouri State Bears,Missouri St,Conference USA,11,5F0000,e8e8e8,https://a.espncdn.com/i/teamlogos/ncaa/500/2623.png,https://a.espncdn.com/i/teamlogos/ncaa/500-dark/2623.png
142,Missouri,Tigers,Missouri Tigers,Missouri,Southeastern Conference,23,f1b82d,000000,https://a.espncdn.com/i/teamlogos/ncaa/500/142.png,https://a.espncdn.com/i/teamlogos/ncaa/500-dark/142.png
2405,Monmouth,Hawks,Monmouth Hawks,Monmouth,Coastal Athletic Association,10,051844,,https://a.espncdn.com/i/teamlogos/ncaa/500/2405.png,https://a.espncdn.com/i/teamlogos/ncaa/500-dark/2405.png
149,Montana,Grizzlies,Montana Grizzlies,Montana,Big Sky Conference,5,751D4A,666666,https://a.espncdn.com/i/teamlogos/ncaa/500/149.png,https://a.espncdn.com/i/teamlogos/ncaa/500-dark/149.png
147,Montana State,Bobcats,Montana State Bobcats,Montana St,Big Sky Conference,5,00205c,bc955c,https://a.espncdn.com/i/teamlogos/ncaa/500/147.png,https://a.espncdn.com/i/teamlogos/ncaa/500-dark/147.png
2413,Morehead State,Eagles,Morehead State Eagles,Morehead St,Ohio Valley Conference,20,094FA3,fed91a,https://a.espncdn.com/i/teamlogos/ncaa/500/2413.png,https://a.espncdn.com/i/teamlogos/ncaa/500-dark/2413.png
2415,Morgan State,Bears,Morgan State Bears,Morgan St,Mid-Eastern Athletic Conference,16,014786,f47937,https://a.espncdn.com/i/teamlogos/ncaa/500/2415.png,https://a.espncdn.com/i/teamlogos/ncaa/500-dark/2415.png
116,Mount St. Mary's,Mountaineers,Mount St. Mary's Mountaineers,Mount St Marys,Metro Atlantic Athletic Conference,13,005596,ebebeb,https://a.espncdn.com/i/teamlogos/ncaa/500/116.png,https://a.espncdn.com/i/teamlogos/ncaa/500-dark/116.png
93,Murray State,Racers,Murray State Racers,Murray St,Missouri Valley Conference,18,002148,000e00,https://a.espncdn.com/i/teamlogos/ncaa/500/93.png,https://a.espncdn.com/i/teamlogos/ncaa/500-dark/93.png
152,NC State,Wolfpack,NC State Wolfpack,NC State,Atlantic Coast Conference,2,cc0000,ffffff,https://a.espncdn.com/i/teamlogos/ncaa/500/152.png,https://a.espncdn.com/i/teamlogos/ncaa/500-dark/152.png
2885,NJIT,Highlanders,NJIT Highlanders,NJIT,America East Conference,1,EE3024,df3e2e,https://a.espncdn.com/i/teamlogos/ncaa/500/2885.png,https://a.espncdn.com/i/teamlogos/ncaa/500-dark/2885.png
2426,Navy,Midshipmen,Navy Midshipmen,Navy,Patriot League,22,00225b,b5a67c,https://a.espncdn.com/i/teamlogos/ncaa/500/2426.png,https://a.espncdn.com/i/teamlogos/ncaa/500-dark/2426.png
158,Nebraska,Cornhuskers,Nebraska Cornhuskers,Nebraska,Big Ten Conference,7,d00000,ffffff,https://a.espncdn.com/i/teamlogos/ncaa/500/158.png,https://a.espncdn.com/i/teamlogos/ncaa/500-dark/158.png
2440,Nevada,Wolf Pack,Nevada Wolf Pack,Nevada,Mountain West Conference,44,002d62,ffffff,https://a.espncdn.com/i/teamlogos/ncaa/500/2440.png,https://a.espncdn.com/i/teamlogos/ncaa/500-dark/2440.png
160,New Hampshire,Wildcats,New Hampshire Wildcats,New Hampshire,America East Conference,1,004990,c3c4c6,https://a.espncdn.com/i/teamlogos/ncaa/500/160.png,https://a.espncdn.com/i/teamlogos/ncaa/500-dark/160.png
2441,New Haven,Chargers,New Haven Chargers,New Haven,Northeast Conference,19,041e42,ffc425,https://a.espncdn.com/i/teamlogos/ncaa/500/2441.png,https://a.espncdn.com/i/teamlogos/ncaa/500-dark/2441.png
167,New Mexico,Lobos,New Mexico Lobos,New Mexico,Mountain West Conference,44,000000,231f20,https://a.espncdn.com/i/teamlogos/ncaa/500/167.png,https://a.espncdn.com/i/teamlogos/ncaa/500-dark/167.png
166,New Mexico State,Aggies,New Mexico State Aggies,New Mexico St,Conference USA,11,891216,000000,https://a.espncdn.com/i/teamlogos/ncaa/500/166.png,https://a.espncdn.com/i/teamlogos/ncaa/500-dark/166.png
2443,New Orleans,Privateers,New Orleans Privateers,New Orleans,Southland Conference,25,005da6,a2a9ae,https://a.espncdn.com/i/teamlogos/ncaa/500/2443.png,https://a.espncdn.com/i/teamlogos/ncaa/500-dark/2443.png
315,Niagara,Purple Eagles,Niagara Purple Eagles,Niagara,Metro Atlantic Athletic Conference,13,69207E,f0f0f0,https://a.espncdn.com/i/teamlogos/ncaa/500/315.png,https://a.espncdn.com/i/teamlogos/ncaa/500-dark/315.png
2447,Nicholls,Colonels,Nicholls Colonels,Nicholls,Southland Conference,25,C41230,f0f0f0,https://a.espncdn.com/i/teamlogos/ncaa/500/2447.png,https://a.espncdn.com/i/teamlogos/ncaa/500-dark/2447.png
2450,Norfolk State,Spartans,Norfolk State Spartans,Norfolk St,Mid-Eastern Athletic Conference,16,0c8968,fdb813,https://a.espncdn.com/i/teamlogos/ncaa/500/2450.png,https://a.espncdn.com/i/teamlogos/ncaa/500-dark/2450.png
2453,North Alabama,Lions,North Alabama Lions,North Alabama,ASUN Conference,46,663399,,https://a.espncdn.com/i/teamlogos/ncaa/500/2453.png,https://a.espncdn.com/i/teamlogos/ncaa/500-dark/2453.png
2448,North Carolina A&T,Aggies,North Carolina A&T Aggies,NC A&T,Coastal Athletic Association,10,0505aa,004684,https://a.espncdn.com/i/teamlogos/ncaa/500/2448.png,https://a.espncdn.com/i/teamlogos/ncaa/500-dark/2448.png
2428,North Carolina Central,Eagles,North Carolina Central Eagles,NC Central,Mid-Eastern Athletic Conference,16,880023,c2c3c0,https://a.espncdn.com/i/teamlogos/ncaa/500/2428.png,https://a.espncdn.com/i/teamlogos/ncaa/500-dark/2428.png
153,North Carolina,Tar Heels,North Carolina Tar Heels,North Carolina,Atlantic Coast Conference,2,7bafd4,13294b,https://a.espncdn.com/i/teamlogos/ncaa/500/153.png,https://a.espncdn.com/i/teamlogos/ncaa/500-dark/153.png
155,North Dakota,Fighting Hawks,North Dakota Fighting Hawks,North Dakota,Summit League,49,00A26B,c2c3c0,https://a.espncdn.com/i/teamlogos/ncaa/500/155.png,https://a.espncdn.com/i/teamlogos/ncaa/500-dark/155.png
2449,North Dakota State,Bison,North Dakota State Bison,N Dakota St,Summit League,49,01402A,ffffff,https://a.espncdn.com/i/teamlogos/ncaa/500/2449.png,https://a.espncdn.com/i/teamlogos/ncaa/500-dark/2449.png
2454,North Florida,Ospreys,North Florida Ospreys,North Florida,ASUN Conference,46,004B8D,babcbe,https://a.espncdn.com/i/teamlogos/ncaa/500/2454.png,https://a.espncdn.com/i/teamlogos/ncaa/500-dark/2454.png
249,North Texas,Mean Green,North Texas Mean Green,North Texas,American Conference,62,ffffff,000000,https://a.espncdn.com/i/teamlogos/ncaa/500/249.png,https://a.espncdn.com/i/teamlogos/ncaa/500-dark/249.png
111,Northeastern,Huskies,Northeastern Huskies,Northeastern,Coastal Athletic Association,10,CC0001,c2c3c0,https://a.espncdn.com/i/teamlogos/ncaa/500/111.png,https://a.espncdn.com/i/teamlogos/ncaa/500-dark/111.png
2464,Northern Arizona,Lumberjacks,Northern Arizona Lumberjacks,N Arizona,Big Sky Conference,5,003976,1b3069,https://a.espncdn.com/i/teamlogos/ncaa/500/2464.png,https://a.espncdn.com/i/teamlogos/ncaa/500-dark/2464.png
2458,Northern Colorado,Bears,Northern Colorado Bears,N Colorado,Big Sky Conference,5,13558D,ffc533,https://a.espncdn.com/i/teamlogos/ncaa/500/2458.png,https://a.espncdn.com/i/teamlogos/ncaa/500-dark/2458.png
2459,Northern Illinois,Huskies,Northern Illinois Huskies,N Illinois,Mid-American Conference,14,F1122C,cc0000,https://a.espncdn.com/i/teamlogos/ncaa/500/2459.png,https://a.espncdn.com/i/teamlogos/ncaa/500-dark/2459.png
2460,Northern Iowa,Panthers,Northern Iowa Panthers,Northern Iowa,Missouri Valley Conference,18,473282,ffffff,https://a.espncdn.com/i/teamlogos/ncaa/500/2460.png,https://a.espncdn.com/i/teamlogos/ncaa/500-dark/2460.png
94,Northern Kentucky,Norse,Northern Kentucky Norse,N Kentucky,Horizon League,45,ffc82e,000000,https://a.espncdn.com/i/teamlogos/ncaa/500/94.png,https://a.espncdn.com/i/teamlogos/ncaa/500-dark/94.png
2466,Northwestern State,Demons,Northwestern State Demons,N'Western St,Southland Conference,25,492F91,ed6118,https://a.espncdn.com/i/teamlogos/ncaa/500/2466.png,https://a.espncdn.com/i/teamlogos/ncaa/500-dark/2466.png
77,Northwestern,Wildcats,Northwestern Wildcats,Northwestern,Big Ten Conference,7,582c83,ffffff,https://a.espncdn.com/i/teamlogos/ncaa/500/77.png,https://a.espncdn.com/i/teamlogos/ncaa/500-dark/77.png
87,Notre Dame,Fighting Irish,Notre Dame Fighting Irish,Notre Dame,Atlantic Coast Conference,2,0c2340,c99700,https://a.espncdn.com/i/teamlogos/ncaa/500/87.png,https://a.espncdn.com/i/teamlogos/ncaa/500-dark/87.png
2473,Oakland,Golden Grizzlies,Oakland Golden Grizzlies,Oakland,Horizon League,45,04091c,bc955c,https://a.espncdn.com/i/teamlogos/ncaa/500/2473.png,https://a.espncdn.com/i/teamlogos/ncaa/500-dark/2473.png
195,Ohio,Bobcats,Ohio Bobcats,Ohio,Mid-American Conference,14,295A29,e4bb85,https://a.espncdn.com/i/teamlogos/ncaa/500/195.png,https://a.espncdn.com/i/teamlogos/ncaa/500-dark/195.png
194,Ohio State,Buckeyes,Ohio State Buckeyes,Ohio State,Big Ten Conference,7,ce1141,505056,https://a.espncdn.com/i/teamlogos/ncaa/500/194.png,https://a.espncdn.com/i/teamlogos/ncaa/500-dark/194.png
201,Oklahoma,Sooners,Oklahoma Sooners,Oklahoma,Southeastern Conference,23,a32036,ffffff,https://a.espncdn.com/i/teamlogos/ncaa/500/201.png,https://a.espncdn.com/i/teamlogos/ncaa/500-dark/201.png
197,Oklahoma State,Cowboys,Oklahoma State Cowboys,Oklahoma St,Big 12 Conference,8,000000,dddddd,https://a.espncdn.com/i/teamlogos/ncaa/500/197.png,https://a.espncdn.com/i/teamlogos/ncaa/500-dark/197.png
295,Old Dominion,Monarchs,Old Dominion Monarchs,Old Dominion,Sun Belt Conference,27,00507d,a1d2f1,https://a.espncdn.com/i/teamlogos/ncaa/500/295.png,https://a.espncdn.com/i/teamlogos/ncaa/500-dark/295.png
145,Ole Miss,Rebels,Ole Miss Rebels,Ole Miss,Southeastern Conference,23,13294b,c8102e,https://a.espncdn.com/i/teamlogos/ncaa/500/145.png,https://a.espncdn.com/i/teamlogos/ncaa/500-dark/145.png
2437,Omaha,Mavericks,Omaha Mavericks,Omaha,Summit League,49,e3193e,474648,https://a.espncdn.com/i/teamlogos/ncaa/500/2437.png,https://a.espncdn.com/i/teamlogos/ncaa/500-dark/2437.png
198,Oral Roberts,Golden Eagles,Oral Roberts Golden Eagles,Oral Roberts,Summit League,49,002462,dac792,https://a.espncdn.com/i/teamlogos/ncaa/500/198.png,https://a.espncdn.com/i/teamlogos/ncaa/500-dark/198.png
2483,Oregon,Ducks,Oregon Ducks,Oregon,Big Ten Conference,7,007030,fee11a,https://a.espncdn.com/i/teamlogos/ncaa/500/2483.png,https://a.espncdn.com/i/teamlogos/ncaa/500-dark/2483.png
204,Oregon State,Beavers,Oregon State Beavers,Oregon St,West Coast Conference,29,231f20,d73f09,https://a.espncdn.com/i/teamlogos/ncaa/500/204.png,https://a.espncdn.com/i/teamlogos/ncaa/500-dark/204.png
279,Pacific,Tigers,Pacific Tigers,Pacific,West Coast Conference,29,F47820,c2c3c0,https://a.espncdn.com/i/teamlogos/ncaa/500/279.png,https://a.espncdn.com/i/teamlogos/ncaa/500-dark/279.png
213,Penn State,Nittany Lions,Penn State Nittany Lions,Penn State,Big Ten Conference,7,00265D,002e5c,https://a.espncdn.com/i/teamlogos/ncaa/500/213.png,https://a.espncdn.com/i/teamlogos/ncaa/500-dark/213.png
219,Pennsylvania,Quakers,Pennsylvania Quakers,Penn,Ivy League,12,082A74,a6163d,https://a.espncdn.com/i/teamlogos/ncaa/500/219.png,https://a.espncdn.com/i/teamlogos/ncaa/500-dark/219.png
2492,Pepperdine,Waves,Pepperdine Waves,Pepperdine,West Coast Conference,29,003A72,dc762f,https://a.espncdn.com/i/teamlogos/ncaa/500/2492.png,https://a.espncdn.com/i/teamlogos/ncaa/500-dark/2492.png
221,Pittsburgh,Panthers,Pittsburgh Panthers,Pitt,Atlantic Coast Conference,2,003263,231f20,https://a.espncdn.com/i/teamlogos/ncaa/500/221.png,https://a.espncdn.com/i/teamlogos/ncaa/500-dark/221.png
2501,Portland,Pilots,Portland Pilots,Portland,West Coast Conference,29,330072,a8b3ba,https://a.espncdn.com/i/teamlogos/ncaa/500/2501.png,https://a.espncdn.com/i/teamlogos/ncaa/500-dark/2501.png
2502,Portland State,Vikings,Portland State Vikings,Portland St,Big Sky Conference,5,00311e,ebebeb,https://a.espncdn.com/i/teamlogos/ncaa/500/2502.png,https://a.espncdn.com/i/teamlogos/ncaa/500-dark/2502.png
2504,Prairie View A&M,Panthers,Prairie View A&M Panthers,Prairie View,Southwestern Athletic Conference,26,4d0960,,https://a.espncdn.com/i/teamlogos/ncaa/500/2504.png,https://a.espncdn.com/i/teamlogos/ncaa/500-dark/2504.png
2506,Presbyterian,Blue Hose,Presbyterian Blue Hose,Presbyterian,Big South Conference,6,194896,990134,https://a.espncdn.com/i/teamlogos/ncaa/500/2506.png,https://a.espncdn.com/i/teamlogos/ncaa/500-dark/2506.png
163,Princeton,Tigers,Princeton Tigers,Princeton,Ivy League,12,000000,ff6000,https://a.espncdn.com/i/teamlogos/ncaa/500/163.png,https://a.espncdn.com/i/teamlogos/ncaa/500-dark/163.png
2507,Providence,Friars,Providence Friars,Providence,Big East Conference,4,000000,a3a19e,https://a.espncdn.com/i/teamlogos/ncaa/500/2507.png,https://a.espncdn.com/i/teamlogos/ncaa/500-dark/2507.png
2509,Purdue,Boilermakers,Purdue Boilermakers,Purdue,Big Ten Conference,7,000000,cfb991,https://a.espncdn.com/i/teamlogos/ncaa/500/2509.png,https://a.espncdn.com/i/teamlogos/ncaa/500-dark/2509.png
2870,Purdue Fort Wayne,Mastodons,Purdue Fort Wayne Mastodons,Purdue FW,Horizon League,45,cfb991,000000,https://a.espncdn.com/i/teamlogos/ncaa/500/2870.png,https://a.espncdn.com/i/teamlogos/ncaa/500-dark/2870.png
2514,Quinnipiac,Bobcats,Quinnipiac Bobcats,Quinnipiac,Metro Atlantic Athletic Conference,13,041B43,,https://a.espncdn.com/i/teamlogos/ncaa/500/2514.png,https://a.espncdn.com/i/teamlogos/ncaa/500-dark/2514.png
2515,Radford,Highlanders,Radford Highlanders,Radford,Big South Conference,6,BC1515,c2c3c0,https://a.espncdn.com/i/teamlogos/ncaa/500/2515.png,https://a.espncdn.com/i/teamlogos/ncaa/500-dark/2515.png
227,Rhode Island,Rams,Rhode Island Rams,Rhode Island,Atlantic 10 Conference,3,091f3f,5ab3e8,https://a.espncdn.com/i/teamlogos/ncaa/500/227.png,https://a.espncdn.com/i/teamlogos/ncaa/500-dark/227.png
242,Rice,Owls,Rice Owls,Rice,American Conference,62,00205b,c1c6c8,https://a.espncdn.com/i/teamlogos/ncaa/500/242.png,https://a.espncdn.com/i/teamlogos/ncaa/500-dark/242.png
257,Richmond,Spiders,Richmond Spiders,Richmond,Atlantic 10 Conference,3,9e0712,b90b2e,https://a.espncdn.com/i/teamlogos/ncaa/500/257.png,https://a.espncdn.com/i/teamlogos/ncaa/500-dark/257.png
2520,Rider,Broncs,Rider Broncs,Rider,Metro Atlantic Athletic Conference,13,a80532,ebebeb,https://a.espncdn.com/i/teamlogos/ncaa/500/2520.png,https://a.espncdn.com/i/teamlogos/ncaa/500-dark/2520.png
2523,Robert Morris,Colonials,Robert Morris Colonials,Robert Morris,Horizon League,45,00214D,a21d2b,https://a.espncdn.com/i/teamlogos/ncaa/500/2523.png,https://a.espncdn.com/i/teamlogos/ncaa/500-dark/2523.png
164,Rutgers,Scarlet Knights,Rutgers Scarlet Knights,Rutgers,Big Ten Conference,7,d21034,ffffff,https://a.espncdn.com/i/teamlogos/ncaa/500/164.png,https://a.espncdn.com/i/teamlogos/ncaa/500-dark/164.png
2545,SE Louisiana,Lions,SE Louisiana Lions,SE Louisiana,Southland Conference,25,215732,ffc72c,https://a.espncdn.com/i/teamlogos/ncaa/500/2545.png,https://a.espncdn.com/i/teamlogos/ncaa/500-dark/2545.png
2565,SIU Edwardsville,Cougars,SIU Edwardsville Cougars,SIUE,Ohio Valley Conference,20,eb1c23,080808,https://a.espncdn.com/i/teamlogos/ncaa/500/2565.png,https://a.espncdn.com/i/teamlogos/ncaa/500-dark/2565.png
2567,SMU,Mustangs,SMU Mustangs,SMU,Atlantic Coast Conference,2,354ca1,cc0035,https://a.espncdn.com/i/teamlogos/ncaa/500/2567.png,https://a.espncdn.com/i/teamlogos/ncaa/500-dark/2567.png
16,Sacramento State,Hornets,Sacramento State Hornets,Sacramento St,Big Sky Conference,5,00573C,cdb97d,https://a.espncdn.com/i/teamlogos/ncaa/500/16.png,https://a.espncdn.com/i/teamlogos/ncaa/500-dark/16.png
2529,Sacred Heart,Pioneers,Sacred Heart Pioneers,Sacred Heart,Metro Atlantic Athletic Conference,13,a40012,c29472,https://a.espncdn.com/i/teamlogos/ncaa/500/2529.png,https://a.espncdn.com/i/teamlogos/ncaa/500-dark/2529.png
2598,Saint Francis,Red Flash,Saint Francis Red Flash,Saint Francis,Northeast Conference,19,a20012,000000,https://a.espncdn.com/i/teamlogos/ncaa/500/2598.png,https://a.espncdn.com/i/teamlogos/ncaa/500-dark/2598.png
2603,Saint Joseph's,Hawks,Saint Joseph's Hawks,Saint Joseph's,Atlantic 10 Conference,3,9e1b32,6c6f70,https://a.espncdn.com/i/teamlogos/ncaa/500/2603.png,https://a.espncdn.com/i/teamlogos/ncaa/500-dark/2603.png
139,Saint Louis,Billikens,Saint Louis Billikens,Saint Louis,Atlantic 10 Conference,3,00539C,ebebeb,https://a.espncdn.com/i/teamlogos/ncaa/500/139.png,https://a.espncdn.com/i/teamlogos/ncaa/500-dark/139.png
2608,Saint Mary's,Gaels,Saint Mary's Gaels,Saint Mary's,West Coast Conference,29,d80024,003057,https://a.espncdn.com/i/teamlogos/ncaa/500/2608.png,https://a.espncdn.com/i/teamlogos/ncaa/500-dark/2608.png
2612,Saint Peter's,Peacocks,Saint Peter's Peacocks,Saint Peter's,Metro Atlantic Athletic Conference,13,004CC2,,https://a.espncdn.com/i/teamlogos/ncaa/500/2612.png,https://a.espncdn.com/i/teamlogos/ncaa/500-dark/2612.png
2534,Sam Houston,Bearkats,Sam Houston Bearkats,Sam Houston,Conference USA,11,fe5000,000000,https://a.espncdn.com/i/teamlogos/ncaa/500/2534.png,https://a.espncdn.com/i/teamlogos/ncaa/500-dark/2534.png
2535,Samford,Bulldogs,Samford Bulldogs,Samford,Southern Conference,24,005485,bc0023,https://a.espncdn.com/i/teamlogos/ncaa/500/2535.png,https://a.espncdn.com/i/teamlogos/ncaa/500-dark/2535.png
21,San Diego State,Aztecs,San Diego State Aztecs,San Diego St,Mountain West Conference,44,c41230,000000,https://a.espncdn.com/i/teamlogos/ncaa/500/21.png,https://a.espncdn.com/i/teamlogos/ncaa/500-dark/21.png
301,San Diego,Toreros,San Diego Toreros,San Diego,West Coast Conference,29,2f99d4,2f99d4,https://a.espncdn.com/i/teamlogos/ncaa/500/301.png,https://a.espncdn.com/i/teamlogos/ncaa/500-dark/301.png
2539,San Francisco,Dons,San Francisco Dons,San Francisco,West Coast Conference,29,005a36,ffffff,https://a.espncdn.com/i/teamlogos/ncaa/500/2539.png,https://a.espncdn.com/i/teamlogos/ncaa/500-dark/2539.png
23,San José State,Spartans,San José State Spartans,San José St,Mountain West Conference,44,005893,fdba31,https://a.espncdn.com/i/teamlogos/ncaa/500/23.png,https://a.espncdn.com/i/teamlogos/ncaa/500-dark/23.png
2541,Santa Clara,Broncos,Santa Clara Broncos,Santa Clara,West Coast Conference,29,690b0b,101010,https://a.espncdn.com/i/teamlogos/ncaa/500/2541.png,https://a.espncdn.com/i/teamlogos/ncaa/500-dark/2541.png
2547,Seattle U,Redhawks,Seattle U Redhawks,Seattle U,West Coast Conference,29,BF2E1A,c2c3c0,https://a.espncdn.com/i/teamlogos/ncaa/500/2547.png,https://a.espncdn.com/i/teamlogos/ncaa/500-dark/2547.png
2550,Seton Hall,Pirates,Seton Hall Pirates,Seton Hall,Big East Conference,4,0857B1,8a8d8f,https://a.espncdn.com/i/teamlogos/ncaa/500/2550.png,https://a.espncdn.com/i/teamlogos/ncaa/500-dark/2550.png
2561,Siena,Saints,Siena Saints,Siena,Metro Atlantic Athletic Conference,13,037961,eea60f,https://a.espncdn.com/i/teamlogos/ncaa/500/2561.png,https://a.espncdn.com/i/teamlogos/ncaa/500-dark/2561.png
6,South Alabama,Jaguars,South Alabama Jaguars,South Alabama,Sun Belt Conference,27,003E7E,,https://a.espncdn.com/i/teamlogos/ncaa/500/6.png,https://a.espncdn.com/i/teamlogos/ncaa/500-dark/6.png
2579,South Carolina,Gamecocks,South Carolina Gamecocks,South Carolina,Southeastern Conference,23,73000a,ffffff,https://a.espncdn.com/i/teamlogos/ncaa/500/2579.png,https://a.espncdn.com/i/teamlogos/ncaa/500-dark/2579.png
2569,South Carolina State,Bulldogs,South Carolina State Bulldogs,SC State,Mid-Eastern Athletic Conference,16,7d1315,104897,https://a.espncdn.com/i/teamlogos/ncaa/500/2569.png,https://a.espncdn.com/i/teamlogos/ncaa/500-dark/2569.png
2908,South Carolina Upstate,Spartans,South Carolina Upstate Spartans,SC Upstate,Big South Conference,6,008545,000000,https://a.espncdn.com/i/teamlogos/ncaa/500/2908.png,https://a.espncdn.com/i/teamlogos/ncaa/500-dark/2908.png
233,South Dakota,Coyotes,South Dakota Coyotes,South Dakota,Summit League,49,CD1241,f0f0f0,https://a.espncdn.com/i/teamlogos/ncaa/500/233.png,https://a.espncdn.com/i/teamlogos/ncaa/500-dark/233.png
2571,South Dakota State,Jackrabbits,South Dakota State Jackrabbits,S Dakota St,Summit League,49,0033a0,ffd100,https://a.espncdn.com/i/teamlogos/ncaa/500/2571.png,https://a.espncdn.com/i/teamlogos/ncaa/500-dark/2571.png
58,South Florida,Bulls,South Florida Bulls,South Florida,American Conference,62,004A36,231f20,https://a.espncdn.com/i/teamlogos/ncaa/500/58.png,https://a.espncdn.com/i/teamlogos/ncaa/500-dark/58.png
2546,Southeast Missouri State,Redhawks,Southeast Missouri State Redhawks,SE Missouri,Ohio Valley Conference,20,c8102e,000000,https://a.espncdn.com/i/teamlogos/ncaa/500/2546.png,https://a.espncdn.com/i/teamlogos/ncaa/500-dark/2546.png
79,Southern Illinois,Salukis,Southern Illinois Salukis,S Illinois,Missouri Valley Conference,18,85283D,c2c3c0,https://a.espncdn.com/i/teamlogos/ncaa/500/79.png,https://a.espncdn.com/i/teamlogos/ncaa/500-dark/79.png
2582,Southern,Jaguars,Southern Jaguars,Southern,Southwestern Athletic Conference,26,004B97,ffc82d,https://a.espncdn.com/i/teamlogos/ncaa/500/2582.png,https://a.espncdn.com/i/teamlogos/ncaa/500-dark/2582.png
2572,Southern Miss,Golden Eagles,Southern Miss Golden Eagles,Southern Miss,Sun Belt Conference,27,FFAA3C,ffc423,https://a.espncdn.com/i/teamlogos/ncaa/500/2572.png,https://a.espncdn.com/i/teamlogos/ncaa/500-dark/2572.png
253,Southern Utah,Thunderbirds,Southern Utah Thunderbirds,Southern Utah,Western Athletic Conference,30,c72026,000000,https://a.espncdn.com/i/teamlogos/ncaa/500/253.png,https://a.espncdn.com/i/teamlogos/ncaa/500-dark/253.png
179,St. Bonaventure,Bonnies,St. Bonaventure Bonnies,St Bonaventure,Atlantic 10 Conference,3,70261D,,https://a.espncdn.com/i/teamlogos/ncaa/500/179.png,https://a.espncdn.com/i/teamlogos/ncaa/500-dark/179.png
2599,St. John's,Red Storm,St. John's Red Storm,St John's,Big East Conference,4,d10000,101010,https://a.espncdn.com/i/teamlogos/ncaa/500/2599.png,https://a.espncdn.com/i/teamlogos/ncaa/500-dark/2599.png
2900,St. Thomas-Minnesota,Tommies,St. Thomas-Minnesota Tommies,St Thomas (MN),Summit League,49,000000,,https://a.espncdn.com/i/teamlogos/ncaa/500/2900.png,https://a.espncdn.com/i/teamlogos/ncaa/500-dark/2900.png
24,Stanford,Cardinal,Stanford Cardinal,Stanford,Atlantic Coast Conference,2,8c1515,ffffff,https://a.espncdn.com/i/teamlogos/ncaa/500/24.png,https://a.espncdn.com/i/teamlogos/ncaa/500-dark/24.png
2617,Stephen F. Austin,Lumberjacks,Stephen F. Austin Lumberjacks,SF Austin,Southland Conference,25,393996,bec0c2,https://a.espncdn.com/i/teamlogos/ncaa/500/2617.png,https://a.espncdn.com/i/teamlogos/ncaa/500-dark/2617.png
56,Stetson,Hatters,Stetson Hatters,Stetson,ASUN Conference,46,0a5640,56854e,https://a.espncdn.com/i/teamlogos/ncaa/500/56.png,https://a.espncdn.com/i/teamlogos/ncaa/500-dark/56.png
284,Stonehill,Skyhawks,Stonehill Skyhawks,Stonehill,Northeast Conference,19,000000,,https://a.espncdn.com/i/teamlogos/ncaa/500/284.png,https://a.espncdn.com/i/teamlogos/ncaa/500-dark/284.png
2619,Stony Brook,Seawolves,Stony Brook Seawolves,Stony Brook,Coastal Athletic Association,10,990000,,https://a.espncdn.com/i/teamlogos/ncaa/500/2619.png,https://a.espncdn.com/i/teamlogos/ncaa/500-dark/2619.png
183,Syracuse,Orange,Syracuse Orange,Syracuse,Atlantic Coast Conference,2,ff6500,000e54,https://a.espncdn.com/i/teamlogos/ncaa/500/183.png,https://a.espncdn.com/i/teamlogos/ncaa/500-dark/183.png
2628,TCU,Horned Frogs,TCU Horned Frogs,TCU,Big 12 Conference,8,4d1979,f1f2f3,https://a.espncdn.com/i/teamlogos/ncaa/500/2628.png,https://a.espncdn.com/i/teamlogos/ncaa/500-dark/2628.png
2627,Tarleton State,Texans,Tarleton State Texans,Tarleton St,Western Athletic Conference,30,000000,,https://a.espncdn.com/i/teamlogos/ncaa/500/2627.png,https://a.espncdn.com/i/teamlogos/ncaa/500-dark/2627.png
218,Temple,Owls,Temple Owls,Temple,American Conference,62,A80532,a7a9ac,https://a.espncdn.com/i/teamlogos/ncaa/500/218.png,https://a.espncdn.com/i/teamlogos/ncaa/500-dark/218.png
2634,Tennessee State,Tigers,Tennessee State Tigers,Tennessee St,Ohio Valley Conference,20,171796,f0f0f0,https://a.espncdn.com/i/teamlogos/ncaa/500/2634.png,https://a.espncdn.com/i/teamlogos/ncaa/500-dark/2634.png
2635,Tennessee Tech,Golden Eagles,Tennessee Tech Golden Eagles,Tennessee Tech,Ohio Valley Conference,20,5A4099,ffde00,https://a.espncdn.com/i/teamlogos/ncaa/500/2635.png,https://a.espncdn.com/i/teamlogos/ncaa/500-dark/2635.png
2633,Tennessee,Volunteers,Tennessee Volunteers,Tennessee,Southeastern Conference,23,ff8200,58595b,https://a.espncdn.com/i/teamlogos/ncaa/500/2633.png,https://a.espncdn.com/i/teamlogos/ncaa/500-dark/2633.png
245,Texas A&M,Aggies,Texas A&M Aggies,Texas A&M,Southeastern Conference,23,500000,ffffff,https://a.espncdn.com/i/teamlogos/ncaa/500/245.png,https://a.espncdn.com/i/teamlogos/ncaa/500-dark/245.png
357,Texas A&M-Corpus Christi,Islanders,Texas A&M-Corpus Christi Islanders,Texas A&M-CC,Southland Conference,25,0067c5,007f3e,https://a.espncdn.com/i/teamlogos/ncaa/500/357.png,https://a.espncdn.com/i/teamlogos/ncaa/500-dark/357.png
251,Texas,Longhorns,Texas Longhorns,Texas,Southeastern Conference,23,c15d26,ffffff,https://a.espncdn.com/i/teamlogos/ncaa/500/251.png,https://a.espncdn.com/i/teamlogos/ncaa/500-dark/251.png
2640,Texas Southern,Tigers,Texas Southern Tigers,Texas Southern,Southwestern Athletic Conference,26,860038,ffffff,https://a.espncdn.com/i/teamlogos/ncaa/500/2640.png,https://a.espncdn.com/i/teamlogos/ncaa/500-dark/2640.png
326,Texas State,Bobcats,Texas State Bobcats,Texas St,Sun Belt Conference,27,4e1719,b4975a,https://a.espncdn.com/i/teamlogos/ncaa/500/326.png,https://a.espncdn.com/i/teamlogos/ncaa/500-dark/326.png
2641,Texas Tech,Red Raiders,Texas Tech Red Raiders,Texas Tech,Big 12 Conference,8,000000,da291c,https://a.espncdn.com/i/teamlogos/ncaa/500/2641.png,https://a.espncdn.com/i/teamlogos/ncaa/500-dark/2641.png
2643,The Citadel,Bulldogs,The Citadel Bulldogs,The Citadel,Southern Conference,24,7badd3,002856,https://a.espncdn.com/i/teamlogos/ncaa/500/2643.png,https://a.espncdn.com/i/teamlogos/ncaa/500-dark/2643.png
2649,Toledo,Rockets,Toledo Rockets,Toledo,Mid-American Conference,14,0a2240,ffcd00,https://a.espncdn.com/i/teamlogos/ncaa/500/2649.png,https://a.espncdn.com/i/teamlogos/ncaa/500-dark/2649.png
119,Towson,Tigers,Towson Tigers,Towson,Coastal Athletic Association,10,FFC229,,https://a.espncdn.com/i/teamlogos/ncaa/500/119.png,https://a.espncdn.com/i/teamlogos/ncaa/500-dark/119.png
2653,Troy,Trojans,Troy Trojans,Troy,Sun Belt Conference,27,AE0210,88898c,https://a.espncdn.com/i/teamlogos/ncaa/500/2653.png,https://a.espncdn.com/i/teamlogos/ncaa/500-dark/2653.png
2655,Tulane,Green Wave,Tulane Green Wave,Tulane,American Conference,62,006547,468ac9,https://a.espncdn.com/i/teamlogos/ncaa/500/2655.png,https://a.espncdn.com/i/teamlogos/ncaa/500-dark/2655.png
202,Tulsa,Golden Hurricane,Tulsa Golden Hurricane,Tulsa,American Conference,62,003595,d0b787,https://a.espncdn.com/i/teamlogos/ncaa/500/202.png,https://a.espncdn.com/i/teamlogos/ncaa/500-dark/202.png
5,UAB,Blazers,UAB Blazers,UAB,American Conference,62,054338,ffc845,https://a.espncdn.com/i/teamlogos/ncaa/500/5.png,https://a.espncdn.com/i/teamlogos/ncaa/500-dark/5.png
399,UAlbany,Great Danes,UAlbany Great Danes,UAlbany,America East Conference,1,3D2777,ffffff,https://a.espncdn.com/i/teamlogos/ncaa/500/399.png,https://a.espncdn.com/i/teamlogos/ncaa/500-dark/399.png
302,UC Davis,Aggies,UC Davis Aggies,UC Davis,Big West Conference,9,002855,c3c4c6,https://a.espncdn.com/i/teamlogos/ncaa/500/302.png,https://a.espncdn.com/i/teamlogos/ncaa/500-dark/302.png
300,UC Irvine,Anteaters,UC Irvine Anteaters,UC Irvine,Big West Conference,9,002B5C,fec52e,https://a.espncdn.com/i/teamlogos/ncaa/500/300.png,https://a.espncdn.com/i/teamlogos/ncaa/500-dark/300.png
27,UC Riverside,Highlanders,UC Riverside Highlanders,UC Riverside,Big West Conference,9,14234F,,https://a.espncdn.com/i/teamlogos/ncaa/500/27.png,https://a.espncdn.com/i/teamlogos/ncaa/500-dark/27.png
28,UC San Diego,Tritons,UC San Diego Tritons,UC San Diego,Big West Conference,9,000000,ffcd00,https://a.espncdn.com/i/teamlogos/ncaa/500/28.png,https://a.espncdn.com/i/teamlogos/ncaa/500-dark/28.png
2540,UC Santa Barbara,Gauchos,UC Santa Barbara Gauchos,Santa Barbara,Big West Conference,9,1e1840,febc11,https://a.espncdn.com/i/teamlogos/ncaa/500/2540.png,https://a.espncdn.com/i/teamlogos/ncaa/500-dark/2540.png
2116,UCF,Knights,UCF Knights,UCF,Big 12 Conference,8,000000,b4a269,https://a.espncdn.com/i/teamlogos/ncaa/500/2116.png,https://a.espncdn.com/i/teamlogos/ncaa/500-dark/2116.png
26,UCLA,Bruins,UCLA Bruins,UCLA,Big Ten Conference,7,2774ae,f2a900,https://a.espncdn.com/i/teamlogos/ncaa/500/26.png,https://a.espncdn.com/i/teamlogos/ncaa/500-dark/26.png
41,UConn,Huskies,UConn Huskies,UConn,Big East Conference,4,0c2340,f1f2f3,https://a.espncdn.com/i/teamlogos/ncaa/500/41.png,https://a.espncdn.com/i/teamlogos/ncaa/500-dark/41.png
82,UIC,Flames,UIC Flames,UIC,Missouri Valley Conference,18,001e62,d50032,https://a.espncdn.com/i/teamlogos/ncaa/500/82.png,https://a.espncdn.com/i/teamlogos/ncaa/500-dark/82.png
2433,UL Monroe,Warhawks,UL Monroe Warhawks,UL Monroe,Sun Belt Conference,27,231F20,b18445,https://a.espncdn.com/i/teamlogos/ncaa/500/2433.png,https://a.espncdn.com/i/teamlogos/ncaa/500-dark/2433.png
2378,UMBC,Retrievers,UMBC Retrievers,UMBC,America East Conference,1,000000,ad860a,https://a.espncdn.com/i/teamlogos/ncaa/500/2378.png,https://a.espncdn.com/i/teamlogos/ncaa/500-dark/2378.png
2349,UMass Lowell,River Hawks,UMass Lowell River Hawks,UMass Lowell,America East Conference,1,00529C,cf1f2f,https://a.espncdn.com/i/teamlogos/ncaa/500/2349.png,https://a.espncdn.com/i/teamlogos/ncaa/500-dark/2349.png
2427,UNC Asheville,Bulldogs,UNC Asheville Bulldogs,UNC Asheville,Big South Conference,6,003da5,ffffff,https://a.espncdn.com/i/teamlogos/ncaa/500/2427.png,https://a.espncdn.com/i/teamlogos/ncaa/500-dark/2427.png
2430,UNC Greensboro,Spartans,UNC Greensboro Spartans,UNC Greensboro,Southern Conference,24,003559,ffd90a,https://a.espncdn.com/i/teamlogos/ncaa/500/2430.png,https://a.espncdn.com/i/teamlogos/ncaa/500-dark/2430.png
350,UNC Wilmington,Seahawks,UNC Wilmington Seahawks,UNC Wilmington,Coastal Athletic Association,10,00665e,ffda00,https://a.espncdn.com/i/teamlogos/ncaa/500/350.png,https://a.espncdn.com/i/teamlogos/ncaa/500-dark/350.png
2439,UNLV,Rebels,UNLV Rebels,UNLV,Mountain West Conference,44,b10202,ffffff,https://a.espncdn.com/i/teamlogos/ncaa/500/2439.png,https://a.espncdn.com/i/teamlogos/ncaa/500-dark/2439.png
30,USC,Trojans,USC Trojans,USC,Big Ten Conference,7,9e2237,ffcc00,https://a.espncdn.com/i/teamlogos/ncaa/500/30.png,https://a.espncdn.com/i/teamlogos/ncaa/500-dark/30.png
250,UT Arlington,Mavericks,UT Arlington Mavericks,UT Arlington,Western Athletic Conference,30,004b7c,f58024,https://a.espncdn.com/i/teamlogos/ncaa/500/250.png,https://a.espncdn.com/i/teamlogos/ncaa/500-dark/250.png
2630,UT Martin,Skyhawks,UT Martin Skyhawks,UT Martin,Ohio Valley Conference,20,FF6700,102a5c,https://a.espncdn.com/i/teamlogos/ncaa/500/2630.png,https://a.espncdn.com/i/teamlogos/ncaa/500-dark/2630.png
292,UT Rio Grande Valley,Vaqueros,UT Rio Grande Valley Vaqueros,UT Rio Grande,Southland Conference,25,dc6000,e1732d,https://a.espncdn.com/i/teamlogos/ncaa/500/292.png,https://a.espncdn.com/i/teamlogos/ncaa/500-dark/292.png
2638,UTEP,Miners,UTEP Miners,UTEP,Conference USA,11,ff8200,041e42,https://a.espncdn.com/i/teamlogos/ncaa/500/2638.png,https://a.espncdn.com/i/teamlogos/ncaa/500-dark/2638.png
2636,UTSA,Roadrunners,UTSA Roadrunners,UTSA,American Conference,62,002A5C,f47321,https://a.espncdn.com/i/teamlogos/ncaa/500/2636.png,https://a.espncdn.com/i/teamlogos/ncaa/500-dark/2636.png
328,Utah State,Aggies,Utah State Aggies,Utah State,Mountain West Conference,44,00263a,949ca1,https://a.espncdn.com/i/teamlogos/ncaa/500/328.png,https://a.espncdn.com/i/teamlogos/ncaa/500-dark/328.png
3101,Utah Tech,Trailblazers,Utah Tech Trailblazers,Utah Tech,Western Athletic Conference,30,000000,,https://a.espncdn.com/i/teamlogos/ncaa/500/3101.png,https://a.espncdn.com/i/teamlogos/ncaa/500-dark/3101.png
254,Utah,Utes,Utah Utes,Utah,Big 12 Conference,8,ea002a,ffffff,https://a.espncdn.com/i/teamlogos/ncaa/500/254.png,https://a.espncdn.com/i/teamlogos/ncaa/500-dark/254.png
3084,Utah Valley,Wolverines,Utah Valley Wolverines,Utah Valley,Western Athletic Conference,30,004812,e1c736,https://a.espncdn.com/i/teamlogos/ncaa/500/3084.png,https://a.espncdn.com/i/teamlogos/ncaa/500-dark/3084.png
2670,VCU,Rams,VCU Rams,VCU,Atlantic 10 Conference,3,ffaf00,000000,https://a.espncdn.com/i/teamlogos/ncaa/500/2670.png,https://a.espncdn.com/i/teamlogos/ncaa/500-dark/2670.png
2678,VMI,Keydets,VMI Keydets,VMI,Southern Conference,24,ae122a,ffd619,https://a.espncdn.com/i/teamlogos/ncaa/500/2678.png,https://a.espncdn.com/i/teamlogos/ncaa/500-dark/2678.png
2674,Valparaiso,Beacons,Valparaiso Beacons,Valparaiso,Missouri Valley Conference,18,794500,,https://a.espncdn.com/i/teamlogos/ncaa/500/2674.png,https://a.espncdn.com/i/teamlogos/ncaa/500-dark/2674.png
238,Vanderbilt,Commodores,Vanderbilt Commodores,Vanderbilt,Southeastern Conference,23,000000,231f20,https://a.espncdn.com/i/teamlogos/ncaa/500/238.png,https://a.espncdn.com/i/teamlogos/ncaa/500-dark/238.png
261,Vermont,Catamounts,Vermont Catamounts,Vermont,America East Conference,1,154734,ffc72c,https://a.espncdn.com/i/teamlogos/ncaa/500/261.png,https://a.espncdn.com/i/teamlogos/ncaa/500-dark/261.png
222,Villanova,Wildcats,Villanova Wildcats,Villanova,Big East Conference,4,00205b,13b5ea,https://a.espncdn.com/i/teamlogos/ncaa/500/222.png,https://a.espncdn.com/i/teamlogos/ncaa/500-dark/222.png
258,Virginia,Cavaliers,Virginia Cavaliers,Virginia,Atlantic Coast Conference,2,232d4b,f84c1e,https://a.espncdn.com/i/teamlogos/ncaa/500/258.png,https://a.espncdn.com/i/teamlogos/ncaa/500-dark/258.png
259,Virginia Tech,Hokies,Virginia Tech Hokies,Virginia Tech,Atlantic Coast Conference,2,630031,cf4520,https://a.espncdn.com/i/teamlogos/ncaa/500/259.png,https://a.espncdn.com/i/teamlogos/ncaa/500-dark/259.png
2681,Wagner,Seahawks,Wagner Seahawks,Wagner,Northeast Conference,19,00483A,ffffff,https://a.espncdn.com/i/teamlogos/ncaa/500/2681.png,https://a.espncdn.com/i/teamlogos/ncaa/500-dark/2681.png
154,Wake Forest,Demon Deacons,Wake Forest Demon Deacons,Wake Forest,Atlantic Coast Conference,2,000000,ceb888,https://a.espncdn.com/i/teamlogos/ncaa/500/154.png,https://a.espncdn.com/i/teamlogos/ncaa/500-dark/154.png
264,Washington,Huskies,Washington Huskies,Washington,Big Ten Conference,7,33006f,e8d3a2,https://a.espncdn.com/i/teamlogos/ncaa/500/264.png,https://a.espncdn.com/i/teamlogos/ncaa/500-dark/264.png
265,Washington State,Cougars,Washington State Cougars,Washington St,West Coast Conference,29,981e32,ffffff,https://a.espncdn.com/i/teamlogos/ncaa/500/265.png,https://a.espncdn.com/i/teamlogos/ncaa/500-dark/265.png
2692,Weber State,Wildcats,Weber State Wildcats,Weber St,Big Sky Conference,5,18005a,ebebeb,https://a.espncdn.com/i/teamlogos/ncaa/500/2692.png,https://a.espncdn.com/i/teamlogos/ncaa/500-dark/2692.png
2698,West Georgia,Wolves,West Georgia Wolves,West Georgia,ASUN Conference,46,0033a1,db1a21,https://a.espncdn.com/i/teamlogos/ncaa/500/2698.png,https://a.espncdn.com/i/teamlogos/ncaa/500-dark/2698.png
277,West Virginia,Mountaineers,West Virginia Mountaineers,West Virginia,Big 12 Conference,8,002855,eaaa00,https://a.espncdn.com/i/teamlogos/ncaa/500/277.png,https://a.espncdn.com/i/teamlogos/ncaa/500-dark/277.png
2717,Western Carolina,Catamounts,Western Carolina Catamounts,W Carolina,Southern Conference,24,492F91,bf9e70,https://a.espncdn.com/i/teamlogos/ncaa/500/2717.png,https://a.espncdn.com/i/teamlogos/ncaa/500-dark/2717.png
2710,Western Illinois,Leathernecks,Western Illinois Leathernecks,W Illinois,Ohio Valley Conference,20,4e1e8a,ffc90a,https://a.espncdn.com/i/teamlogos/ncaa/500/2710.png,https://a.espncdn.com/i/teamlogos/ncaa/500-dark/2710.png
98,Western Kentucky,Hilltoppers,Western Kentucky Hilltoppers,Western KY,Conference USA,11,F32026,b3b5b8,https://a.espncdn.com/i/teamlogos/ncaa/500/98.png,https://a.espncdn.com/i/teamlogos/ncaa/500-dark/98.png
2711,Western Michigan,Broncos,Western Michigan Broncos,W Michigan,Mid-American Conference,14,532e1f,8b7f79,https://a.espncdn.com/i/teamlogos/ncaa/500/2711.png,https://a.espncdn.com/i/teamlogos/ncaa/500-dark/2711.png
2724,Wichita State,Shockers,Wichita State Shockers,Wichita St,American Conference,62,0d0a03,ffc41e,https://a.espncdn.com/i/teamlogos/ncaa/500/2724.png,https://a.espncdn.com/i/teamlogos/ncaa/500-dark/2724.png
2729,William & Mary,Tribe,William & Mary Tribe,William & Mary,Coastal Athletic Association,10,103217,f6b220,https://a.espncdn.com/i/teamlogos/ncaa/500/2729.png,https://a.espncdn.com/i/teamlogos/ncaa/500-dark/2729.png
2737,Winthrop,Eagles,Winthrop Eagles,Winthrop,Big South Conference,6,9e0b0e,fdb41e,https://a.espncdn.com/i/teamlogos/ncaa/500/2737.png,https://a.espncdn.com/i/teamlogos/ncaa/500-dark/2737.png
275,Wisconsin,Badgers,Wisconsin Badgers,Wisconsin,Big Ten Conference,7,c4012f,ffffff,https://a.espncdn.com/i/teamlogos/ncaa/500/275.png,https://a.espncdn.com/i/teamlogos/ncaa/500-dark/275.png
2747,Wofford,Terriers,Wofford Terriers,Wofford,Southern Conference,24,533B22,f0f0f0,https://a.espncdn.com/i/teamlogos/ncaa/500/2747.png,https://a.espncdn.com/i/teamlogos/ncaa/500-dark/2747.png
2750,Wright State,Raiders,Wright State Raiders,Wright St,Horizon League,45,cba052,cba052,https://a.espncdn.com/i/teamlogos/ncaa/500/2750.png,https://a.espncdn.com/i/teamlogos/ncaa/500-dark/2750.png
2751,Wyoming,Cowboys,Wyoming Cowboys,Wyoming,Mountain West Conference,44,492f24,ffc425,https://a.espncdn.com/i/teamlogos/ncaa/500/2751.png,https://a.espncdn.com/i/teamlogos/ncaa/500-dark/2751.png
2752,Xavier,Musketeers,Xavier Musketeers,Xavier,Big East Conference,4,21304e,a5a7a8,https://a.espncdn.com/i/teamlogos/ncaa/500/2752.png,https://a.espncdn.com/i/teamlogos/ncaa/500-dark/2752.png
43,Yale,Bulldogs,Yale Bulldogs,Yale,Ivy League,12,004a81,286dc0,https://a.espncdn.com/i/teamlogos/ncaa/500/43.png,https://a.espncdn.com/i/teamlogos/ncaa/500-dark/43.png
2754,Youngstown State,Penguins,Youngstown State Penguins,Youngstown St,Horizon League,45,E51935,690717,https://a.espncdn.com/i/teamlogos/ncaa/500/2754.png,https://a.espncdn.com/i/teamlogos/ncaa/500-dark/2754.png
